Var_A,Var_B,Var_C,Var_D,Alvo_Y
0.3781170329608997,0.9347741468086516,0.1347186334156381,0.4986751960145884,0.6776212688993805
0.8159774148459021,0.192135233983346,0.5456661319879125,0.6086279210978136,0.6317488468366744
0.4603098864257701,0.8274677643782673,0.3664719726346363,0.169595687646181,0.3741248857300033
0.3532004534421813,0.5996574893618245,0.4733070806552013,0.4188728146427085,0.4716025098783604
0.9500990631095152,0.109116493621704,0.1408499038448266,0.3161344627665946,0.4401860527348929
0.969603380370118,0.1709566624725148,0.1117453870213442,0.3587097348577917,0.5034381838500749
0.4601641004460232,0.19847051363275,0.0894739073340083,0.6150950992419654,0.57937065525229
0.8656861509881999,0.0150716597719004,0.511541528725166,0.5309089334548507,0.5578944071720954
0.0613782506123667,0.7280422779482578,0.175594826822459,0.4976399209857955,0.5091318648369033
0.516697832586872,0.8512271764422633,0.0795692685761447,0.3764442174986939,0.5987728110489928
0.838386186360242,0.7640612987356961,0.6420100509781086,0.498316315824421,0.7062320300044195
0.7704244589040624,0.3825638622430796,0.2393088494456151,0.515107839885639,0.5958232778258037
0.5305927618401932,0.3976103759232663,0.968156888223788,0.4146699558392578,0.485231352132334
0.2113469886000807,0.5168267897094105,0.7360448088846054,0.4697031133024897,0.4511037936491204
0.1136777119170946,0.4969280000358927,0.95430081319349,0.3416617599478948,0.3649547852218849
0.0812759261747808,0.7835545839404201,0.0376419207758591,0.1638243894811089,0.2974372610654437
0.8897458410363726,0.6172859584971001,0.2549384599294961,0.4752832027584118,0.6575562827082215
0.0999678358861142,0.7607977572902173,0.0713028592299403,0.7087306955965638,0.7159058554009525
0.3086066457737222,0.8443511851641496,0.0078471473828227,0.3914776330544342,0.5443628419674912
0.2468238538969029,0.0573520183097786,0.411911848367664,0.5228526133257926,0.4192570265341416
0.7714776798498142,0.6323388691410543,0.0661431143356106,0.4739464756754081,0.6461047457124127
0.6437041547364557,0.6331964593811575,0.2276666896876239,0.5656680780015807,0.6661320052510987
0.0136569175156953,0.1784375615591001,0.847449302432066,0.3592966612142856,0.2817004923518952
0.2701024267107682,0.305232971710948,0.959538521195074,0.335872619118973,0.3408689139143512
0.5467888781312917,0.4245783630773552,0.7556056338517942,0.2858368090025396,0.3765359809945804
0.7213651327941654,0.3667032163799071,0.594512380634382,0.3419590720036294,0.4254309082804878
0.6348985015314372,0.969573144246272,0.5341875193293857,0.3121580332929968,0.5785993316066002
0.687147255343982,0.7274888020403782,0.0517705046407807,0.2349608234712243,0.456113502266314
0.1776765769209651,0.7606664808288892,0.0,0.5247361656109305,0.595400013315783
0.8998085929489399,0.1447851035060374,0.5099962098597577,0.2957233751387403,0.4029733878876779
0.6335752381563056,0.344025587305318,0.6801483767477765,0.588793216696872,0.6003426602047408
0.9719264461734864,0.5914396756776539,0.8600495970611151,0.1548944533983226,0.4092749186981194
0.2057283212497228,0.0571414759034496,0.8938186692914557,0.4224872127972588,0.3364769547070056
0.9864263656071152,0.8634002247883027,0.4084674357288058,0.3544717087910285,0.6478117555889606
0.096620806807557,0.9718743632217558,0.6537121527408174,0.7149091021138497,0.7896105285940339
0.8868125080598361,0.749284248409851,0.5478367747742301,0.5800639742039789,0.7580005482210813
0.2767069051571397,0.4856914868518485,0.4145392039764396,0.4570520387319022,0.4498665743951637
0.6318740815267841,0.988327385540894,0.5871394465107292,0.5590536154061363,0.7895016500761135
0.0220083375365938,0.0020190314200589,0.767215916334771,0.4755120353939754,0.3321332301287671
0.3222821147786929,0.6266713946442579,0.5466177533868014,0.2664121916943407,0.3741908520107186
0.4170174088087646,0.6579928706672983,0.6377869858098323,0.4461924878301818,0.5389121443192293
0.520659509290292,0.2180977064414772,0.578849863292927,0.4749432737279804,0.4634486607802263
0.0208210422941914,0.5464531140963322,0.4946185455436391,0.5187466163510057,0.4593841283444627
0.0266822379050185,0.296635872383785,0.385187263966001,0.5919896054818048,0.4487211289853174
0.0811140648710282,0.705943250688249,0.3395929877945149,0.5628455720764532,0.5530265109809995
0.6485189567255708,0.9872001700592064,0.5073659514488202,0.5333005582054812,0.7785334391751978
0.4226585735063515,0.7939998702189366,0.3717437819004486,0.2999493690986705,0.4445476189728357
0.2753112919976768,0.3213759856072994,0.0544396653471424,0.5447939491850604,0.4953571534786044
0.0770956325373523,0.6727737629552634,0.1544718220583144,0.4586368669671206,0.4881866625934995
0.3595287260054579,0.3363288181032275,0.0449982454547311,0.5616052914731883,0.5327743649351537
0.5118729890347646,0.5856182061927077,0.4059804732973041,0.328492241316469,0.4525235151577088
0.218413499246881,0.5639492956864153,0.1865329154055503,0.4267683935009916,0.448227993537426
0.990288450869397,0.7973744784035524,0.6032333472532977,0.2679413296043624,0.5712438074378456
0.4898917695547286,0.6061820148942224,0.358588036524568,0.6605475201423431,0.6829465409135466
0.3635162663502875,0.9715362278968476,0.0523609558169239,0.5049486799465374,0.7169796317600446
0.6058903861454144,0.0339184150043541,0.1985209134672278,0.293084794787403,0.3500947750659959
0.2735901427837671,0.6611362440989466,0.2709752986428311,0.3499571827987412,0.4084003764172164
0.0160312544821507,0.2188237012656798,0.0336757415377582,0.2835996079185162,0.213887578227447
0.5664603646644835,0.1484042377136716,0.5418739680391381,0.2229956957972242,0.2816273632291526
0.8021635377493157,0.2032422413880253,0.9282159497547232,0.2956887983231444,0.395192951911951
0.7691413597186066,0.164891655195429,0.2195381338960417,0.3788472322807268,0.4511616836809581
0.5961978806936229,0.9985147340120268,0.8518299078615248,0.6743293450347423,0.8923232683057132
0.2251170865899666,0.566248268987204,0.8477670752900186,0.543463944972202,0.5353142018224684
0.1569473224427573,0.9977020316796292,0.9127581784048622,0.5660249529769295,0.6958054809636286
0.1165767469997968,0.0664584227254358,0.0001233284344725,0.2952304653956573,0.2329292917764993
0.5054623745579595,0.3969549944627091,0.0099339494610648,0.3476181587839964,0.4095334561126709
0.6041116120830506,0.9196726389595984,0.2162026967647703,0.2463322760629643,0.5123156360319637
0.1513520196814212,0.0401080648428606,0.5178211822807994,0.192921884153104,0.1540461782708519
0.7714036938175957,0.2942091868340177,0.7584013607636588,0.5838131443951192,0.622217033346516
0.6703630599160266,0.2543120599507114,0.6149396764566696,0.4635476737164524,0.4797844894750829
0.7546276195682224,0.7579036853449413,0.9081211127402934,0.4670183543821138,0.6696778936663182
0.1843953198071403,0.0702449095802818,0.387377530655322,0.2635908517717547,0.1911916194672704
0.1348578884710487,0.6918500574388037,0.8243290825324276,0.5764769502831456,0.5883506927448686
0.2982113661025908,0.7331855491177998,0.2258644523670677,0.5422358891313848,0.620130647190102
0.8220081732900455,0.5664777707680668,0.207435388791906,0.3098722350802383,0.4875379030213364
0.5890962626167519,0.0756480393785965,0.1965166024432327,0.4899349346921799,0.4868248893265131
0.585084404394294,0.2608868602366267,0.3706135536494596,0.3726169147003982,0.409599679186986
0.4376713407652718,0.3132638985803855,0.2515060207119386,0.5820684978774336,0.5539769625292122
0.1479979843604678,0.7171077656792011,0.7155085188411316,0.3756721822551946,0.4273902584554663
0.3198965333753767,0.8015593824619763,0.6184096803489241,0.5611065200154737,0.6239606318795539
0.8651266377379881,0.6943745997335686,0.5169828631949497,0.4373881076454015,0.6415361858778419
0.136965297340586,0.2364584974637033,0.2017942339655102,0.5121325536809846,0.4260059453269315
0.4993381941966697,0.1021003594944181,0.6019581891969369,0.3079272799307768,0.3055433508915212
0.8015038278602364,0.1076654668691933,0.2591769996798748,0.4816459747167829,0.5269795132778007
0.1525547269459014,0.0787111780812492,0.4227426795993594,0.5122516252359446,0.3870281730551142
0.5182224040245145,0.0403477738827796,0.4079886674049917,0.3908547633270542,0.3793146468393455
0.950275316048092,0.0540420626188153,0.2906706924773974,0.5305579013295189,0.5802484163430207
0.3459362954746677,0.0551553726029921,0.0013449374208586,0.2134720098406511,0.2177065202716559
0.3319046873593674,0.2388920679057601,0.3459384484523942,0.5871804416446592,0.5215916209722512
0.6100869036328613,0.7894838647707471,0.0015568812189008,0.2061957711221634,0.4567506598942212
0.627394057585548,0.9698840191761804,0.9186361298952738,0.5137812408080362,0.7458496079940908
0.5565070972277915,0.6169762862203019,0.9685275810676433,0.8217236627687039,0.8441889446054859
0.9700495374814264,0.3497350036886276,0.3000412777688036,0.1307011872527183,0.322330457939685
0.6481862901551536,0.653780282496484,0.8746583881037828,0.5565099222801199,0.6815299030854037
0.3981761707114754,0.6130476842643752,0.1973464120878725,0.2847863373052293,0.3972259157945995
0.0684674563845988,0.3058753924900115,0.3863466701816632,0.3210958390147759,0.2613319753148299
0.0290431398774568,0.1473911563202658,0.1345580030040475,0.488641333823986,0.3812899171134769
0.8869394502091612,0.9917234117732682,0.8238965010580148,0.3692690105829082,0.7031738619430281
0.3538602969396303,0.4161317073875767,0.460236519377052,0.2997717409253416,0.322617568071713
0.3434015667542602,0.0388808836200945,0.7304500622250584,0.2203655392044497,0.2089772538480328
0.830066622455504,0.054770674495378,0.6478664391197382,0.6861085238314083,0.6800207190287559
0.8560648200913293,0.5776548547176578,0.9152804901650043,0.5901251813908316,0.7467920913907513
0.0138266023019941,0.2676206293332892,0.7823340036337516,0.3846858650490994,0.2915813082238334
0.9361231878809968,0.1980599898206555,0.5185707910367486,0.3449851660003409,0.4489824164701518
0.4449670676022524,0.2323076414621548,0.6678368618442058,0.2936215058434083,0.2931768935810411
0.1156986926523118,0.0862342499783336,0.0482801487775319,0.2947964944498294,0.2167286052827132
0.8763281627134626,0.2257202696503517,0.0724635922239993,0.213081198585251,0.3818243103803705
0.7370235850695618,0.785421520365517,0.8088312396650975,0.4323638475809958,0.6402896349214362
0.0363216156719127,0.0031797054221331,0.6776505098761754,0.3991885459899788,0.2816452335533753
0.948482458460264,0.5920786562306091,0.8502765123249534,0.3777630346100473,0.5714086789697655
0.0519990149910061,0.8028621536671868,0.0088710849453592,0.4746496072612149,0.5262640678927579
0.3954801985889374,0.7743616050568448,0.2225517977592302,0.544594532616666,0.6371660262514357
0.4932834606375066,0.0776787820179019,0.969146827088606,0.2383864598522628,0.273966961290073
0.5895406215277595,0.2933425466902327,0.4999793741305465,0.3760404433352305,0.414144622545582
0.7285545270684519,0.6125234944149068,0.1056936165646249,0.4134030498595136,0.5818388674036863
0.6166163084937099,0.4874829640325447,0.9861619915090668,0.2584702227912419,0.393594896454441
0.2545606045458367,0.0996706652030669,0.6545852073499283,0.3720731707364479,0.3281869312678381
0.4941627125841008,0.8728327119553715,0.7052331549113239,0.2745221563501934,0.5096266063378687
0.7681302528678389,0.4118979191380195,0.7394779165509764,0.0352201774169988,0.2277066298928161
0.1230331174132042,0.8004136394787404,0.0055062273326684,0.2748879881663915,0.3947527277678428
0.8296651060426962,0.7998959394595071,0.7728042244192038,0.1911905838418807,0.4774824719380753
0.5475878977502807,0.9655739956292906,0.9020477355633836,0.3912265845052437,0.6528008965349874
0.4092199410447322,0.4583258783091923,0.3725438213587168,0.3558870712041773,0.4016850968010628
0.6133896147752517,0.2667901540655967,0.7755671171851273,0.5265955161818765,0.543474398294349
0.0197811549400617,0.4717865729534701,0.1857254281547457,0.4030655944812873,0.3503292052142896
0.6187181255951945,0.9002298181960049,0.5017117729681426,0.6141471295213793,0.7831588013804015
0.3257202907018166,0.4954334907143518,0.4503246691456706,0.5705108200339003,0.5596859880255541
0.947271779180589,0.1745957821017022,0.3029853886451137,0.3097573496325526,0.4301200033254429
0.1781717055617353,0.162213700285023,0.7604305543471876,0.3565931160722926,0.2887363744731463
0.7060765182474652,0.9569237874484324,0.7943236692050083,0.5541293336387271,0.7980526998658313
0.036415552019692,0.8943752957098157,0.1341105347974821,0.1967022154149971,0.3358600507446545
0.5936704987639068,0.6450466534484167,0.3593540921946232,0.4956287339474075,0.6081125751278811
0.7397720935291705,0.0694930129873623,0.6326819847890078,0.5290268576364631,0.5442094534335853
0.0873794635641983,0.6562335580621943,0.8671839325657896,0.6678263660683765,0.6361369349792256
0.8643380125189378,0.5379898156788239,1.0,0.4053282478696044,0.5868274762351217
0.921772122589658,0.3488206532197513,0.670479575196216,0.6261909829856969,0.6781339478806214
0.8067728963153381,0.8889117145133055,0.8053562583235263,0.5875226940510289,0.8192161542116916
0.2337658717381621,0.2183821924980276,0.3054085432762106,0.3734126927685193,0.3247067097928354
0.7843987481555793,0.4727947184470489,0.2607173302779275,0.6418093640566135,0.7053271877882781
0.0008944899554603,0.0390233920033558,0.20531944894746,0.3992476560693585,0.2760510753527563
0.2554030987418129,0.8861308027966776,0.8620165464048467,0.4203471052368716,0.5852542532292172
0.9667738608901588,0.0294198447995722,0.833187208731447,0.4629531108998895,0.5553884055502333
0.1774732085736475,0.1186179623436325,0.7849063349163642,0.678530732611401,0.5302192906100033
0.3350094876281439,0.7019171773972955,0.3626359136205914,0.499368825120071,0.5585877202248613
0.3944901692661252,0.2015843061440075,0.65607637049361,0.5854627333568685,0.5267152213293672
0.5501186331975584,0.4470933509189916,0.2247742793170425,0.5286042022816019,0.5686534887319304
0.9850500564252064,0.6595939060675134,0.2478717132259374,0.3447309186863221,0.5873086985156645
0.0108780520764238,0.7606998386549055,0.8575631905741911,0.5550613617542935,0.5777996868406557
0.3304912985063134,0.6141311897809106,0.635744830587186,0.2419999452159959,0.3320405357595687
0.7134701414844019,0.1569234376644846,0.715588706474788,0.5165490119020134,0.5448879286603734
0.3244598382882593,0.6227366495420406,0.645551848200374,0.4017315141010805,0.4682845791948509
0.2341562466727114,0.8719426027618993,0.4513281043162143,0.2370931051572262,0.4040295764633958
0.0470248872209228,0.4280671467899451,0.0114313923538559,0.3472219994389622,0.3338892205801279
0.1129902671103669,0.8680023788055745,0.8903425814488996,0.501718954457704,0.5909882774012756
0.5522599781794805,0.33228424306604,0.6028629841542633,0.0727627764298266,0.1797066398980909
0.7450744124900822,0.1037695619280446,0.6247630412005624,0.6837836935498526,0.6538310755193403
0.2675148899817403,0.8147064315844837,0.3459694506789048,0.5123891459699158,0.6205362283329932
0.5794538372198185,0.1324519439825612,0.3125369225110153,0.3837990191158343,0.4248273775303495
0.3859419202520163,0.8737831917936135,0.0623981717353749,0.5507745847441726,0.692858361750949
0.7992116680042431,0.1574524049820417,0.0691474446321284,0.2473020079141957,0.3503866852263712
0.4716474578097752,0.5773652613828749,0.777036831677861,0.2664948674270144,0.392804053048416
0.876440750110711,0.4746055204229782,0.2424127320981264,0.3231493013115479,0.4744741936254441
0.4962489166482771,0.708220887298981,0.4586928651339757,0.409964396078092,0.5359590036792442
0.0826946555399929,0.0330679250925771,0.2093296843416922,0.1566097862506072,0.0950249398640264
0.5577492833371613,0.9377374605394578,0.5813508111053551,0.6899923442489517,0.8560242473164532
0.1828335088494445,0.113580254657192,0.7402074543779816,0.367188073244227,0.289655424396981
0.6213117962654582,0.6356302653320025,0.1082512740010743,0.4346670347882411,0.5823680633766088
0.1833125877167588,0.764500106879139,0.4051657411264164,0.4025407359916723,0.4689201655852101
0.8354538097021094,0.450815164262424,0.9949849965524864,0.4993719327780553,0.6420220219171336
0.4364844348606081,0.0771902560298482,0.508514346551385,0.2624610798783379,0.2570237171863461
0.6418102755848837,0.2082361677800334,0.422949213658662,0.6539336902383786,0.6166236590615194
0.5210263267477153,0.4340162825761188,0.7959427625418305,0.3794256422971013,0.4499936239128613
0.2865275263777543,0.8157182924916936,0.1410088124488685,0.4433895553257917,0.5800307761103708
0.8184926538124317,0.7290637155369923,0.8645228148851296,0.6920974660531434,0.8447645123121849
0.0410159239310786,0.394455147537446,0.4844571397815673,0.7076779119959645,0.5787816394061258
0.5436564844024008,0.630741636909097,0.4870558908955812,0.2301205443496557,0.359558605002504
0.1656749081195649,0.6849529530488112,0.8808971164955274,0.3421516158569927,0.4206623893872037
0.0930015127240385,0.5809634356811142,0.4355384947232401,0.6167096373810056,0.5548319694376229
0.5744795304810983,0.3513699451476941,0.9457619134732992,0.0121646965313974,0.1684992758405006
0.3951655577888082,0.4012886329471286,0.0582078378380263,0.4973498400783483,0.5088930581705503
0.461333536269467,0.602522649994612,0.5123863527444671,0.4637470352618406,0.5466926222189484
0.1695749227640977,0.3788463652018382,0.6462367311740583,0.6059232761086136,0.5379529211873987
0.018731968173744,0.5135529218461372,0.7907057868564791,0.6263376952767874,0.5498944717694835
0.4122132393498117,0.2827302964672623,0.2111559250937543,0.2970245199912474,0.3325417731255973
0.4120168958384906,0.2383813792042375,0.3578935903333387,0.16062829461321,0.1978573130168248
0.7018360034565756,0.4938069707122718,0.7330908957783586,0.4258443869556121,0.5404322352768887
0.640937043983371,0.8735283461189238,0.1208114528510558,0.5834908786566066,0.7811344548647712
0.3833545531364526,0.1288395966428762,0.0438234450398983,0.1288219351469452,0.1741630363252664
0.6499826071899172,0.7846639973718634,0.2971993756233041,0.6170118250185354,0.7462949037006849
0.6226659712499036,0.1344027825960498,0.6373393421016855,0.5162354128554993,0.5094866822096551
0.8735509896178121,0.3262155895574181,0.3700798987578551,0.2656767649152428,0.3971751846483667
0.4497963745719519,0.2907097894893999,0.0292221481605679,0.5069502130315249,0.5071624422162919
0.2805224683072726,0.5526866945476381,0.8239733957334585,0.5026723179218144,0.4932725853984773
0.7790721558829541,0.1273524939076298,0.3812240919780202,0.7343218655965557,0.7112324392936664
0.2207219915128086,0.7946144257917093,0.9649126327220748,0.4693283720108119,0.5809287542124683
0.9051984149905312,0.5843593179259465,0.9901936268765892,0.2689634423045125,0.508062529224075
0.0098096737927949,0.2260966710661449,0.6051094793785528,0.384783056215967,0.2805976382170991
0.0004316822793035,0.2714411106524622,0.2928481613300537,0.4798001811897912,0.3613055340403998
0.0775079099195616,0.3223418512796469,0.7425191167392481,0.2796694841683349,0.2448207858047384
0.3555811556920391,0.2158568598507323,0.9871406284167352,0.5949496908421388,0.5483390225639287
0.0420249148438264,0.8288506040278347,0.6555992398138214,0.4700362636380362,0.5138345017137935
0.9447766698392692,0.1191210301988392,0.8359643755052645,0.3601664317935471,0.4773278813616125
0.6089807638825712,0.0652021096743021,0.5201602014583467,0.1360624329731992,0.1975824197481757
0.0242699242039149,0.4093676609563919,0.3002117407978329,0.2690423734021568,0.2209566758583642
0.9147090783652456,0.1253543983129125,0.9954241350317709,0.2593971943937506,0.4236394814181635
0.6661996535965228,0.2719771503137739,0.271993623630092,0.4447273725595393,0.4953869527332412
0.8347728382472641,0.8178603411252052,0.9812429898678996,0.4798086166624133,0.7343490293467637
0.762722054066834,0.3897904069238715,0.4235454567815886,0.4658678342019074,0.5369135751323548
0.3504424015387929,0.66753419404722,0.4933947641700787,0.2737792595291657,0.3878185583096453
0.5353946967103703,0.6431328130561615,0.3223645844898843,0.2875251569089244,0.4282239287272305
0.5407213539873856,0.7371686239040074,0.787992882946605,0.4716575153971401,0.6093734347520046
0.2483708540574754,0.3459069604157258,0.5419694555718605,0.3326997071701514,0.3135879054858158
0.0179253768863695,0.0901152229941189,0.903908826535208,0.628356797645129,0.46575760288052
0.3440117730516726,0.9689569473554602,0.0955970746284175,0.3599247257918194,0.5819441931396786
0.1235554746027908,0.9373055739445116,0.4174072442041958,0.2393472550463981,0.4084937222914082
0.7569339254833677,0.7187179041259266,0.0596437318319617,0.3887444277039644,0.5988577383942734
0.0976302387521268,0.9927165790019008,0.6090748359019776,0.3480420108635127,0.5046023883439026
0.8525672460684527,0.6157747893997151,0.1151736823974019,0.3612980359269296,0.5631006136556753
0.3388505588417212,0.3661153875411737,0.2266101492671375,0.3294480410560929,0.3610271310025801
0.2512433293439907,0.6187236488240525,0.0175792408442303,0.2586222066744459,0.3652730732786323
0.9760165430816496,0.871064859354752,0.3978750628433255,0.5559423817982587,0.8207435142918464
0.3559477126604031,0.1279790141371138,0.9447824940556264,0.4055426740785697,0.3935271826803722
0.2589043679027363,0.9410412083913748,0.0252370680444085,0.5011011229236516,0.671969265404279
0.1811124825987954,0.0181200857980755,0.0818931207265542,0.4424338557802407,0.3508269998341514
0.2899405766476324,0.6151073859775863,0.5402665225723461,0.4962061156021488,0.5227374724285283
0.7309540827978159,0.8730491206823674,0.9082326829211812,0.531228391801415,0.7647856146200943
0.6165260420343956,0.9633738037174548,0.0887875932155059,0.5058863050929558,0.7490933119317851
0.5009661584753524,0.8671121936649546,0.6374809916704101,0.4883276007853775,0.6648589771684421
0.4188509074268903,0.745351236104041,0.5236457384559002,0.4855536172802854,0.5878894349814592
0.8491885773186848,0.1786106167794237,0.7420902529949795,0.3563329421480957,0.428983325802861
0.3958178989731557,0.7423124132562958,0.9437816940487276,0.4806731705651135,0.6063809609184084
0.3581017109779529,0.7510140839206184,0.1319925603628131,0.2929479654668757,0.4357189174294397
0.6945298284469131,0.1174375875111038,0.8790046512582098,0.2987651208640164,0.3654390751063672
0.9495550462271398,0.092849541509389,0.6418706041077801,0.4688739568824318,0.5394620973107878
0.9489168233725248,0.1177967844962941,0.9741277936613296,0.4253758372155814,0.5443625000206699
0.1667113786996675,0.5953165190976557,0.5665598272295606,0.294040072270419,0.3422932457224792
0.5004645278119474,0.2276022637101083,0.048236877564922,0.4886674226727547,0.5072093347646992
0.3865632982734154,0.3820682815609872,0.9806622479646772,0.2857119724773504,0.348503271346193
0.9002099808245588,0.3439734533657663,0.6721933041745249,0.4010364409783183,0.5303020432652998
0.1119909803450435,0.9969084282845184,0.6880857225388759,0.5382110102547255,0.67160436900356
0.5969601320493095,0.7317907483938342,0.2500824404713463,0.2349418053017236,0.4377324133717353
0.6047690834298817,0.4872787974206911,0.7415169859068508,0.3068857254277433,0.4018049692144666
0.0407870891215282,0.193295120678943,0.6279565904952973,0.4914789105207447,0.3602191491413879
0.9224003561030268,0.0089241639499898,0.1905133877714915,0.3027874221176704,0.4109927982721922
0.5141952606309139,0.7135835240428122,0.0872723264268271,0.2745553672671529,0.4543496621065972
0.072705185532242,0.151253090842136,0.9856692214635208,0.5006435105806206,0.3851315416389697
0.139042964803169,0.4532459835218219,0.6042550310010018,0.5588324739052393,0.4893031862571471
0.069755431313726,0.6790123472534066,0.452218420076927,0.4234186398657814,0.4475829181754571
0.3078632463691817,0.9451094633975322,0.539872905460921,0.4649805031466631,0.6431846462647064
0.4632425309293142,0.0849715128760709,0.9736541172103872,0.4599681484014638,0.4419574016581614
0.3278773055924782,0.4159449906342189,0.4649383191970798,0.4290044109875097,0.428730060267086
0.6934724138114065,0.1562844943365853,0.8017483004069712,0.3973263296579274,0.4473617405508033
0.9473067130859736,0.5171573028656063,0.9969918480877138,0.3937180506706963,0.5928817463181381
0.6667296562646045,0.5539743018883908,0.1519162549970883,0.4074283629837417,0.5367907544869861
0.7499244357264826,0.6162713506691434,0.6472286865934033,0.488257458141612,0.6376537933476152
0.2766614852334089,0.2168206260285989,0.3100403129369048,0.3545123090201531,0.3266927163334156
0.146504844138472,0.9273443980391562,0.7242820649339499,0.6100749605613881,0.7047645238149846
0.2912651151740713,0.8863496677053906,0.743513566164883,0.305435703241399,0.4810749550867005
0.8943151814496715,0.6187250366661614,0.8185611183185713,0.5598285824158469,0.7108838078195742
0.1521100191614426,0.6580687505650813,0.7610539286832766,0.4701764938317798,0.489846157134889
0.8139426962871307,0.623047982308207,0.4748384598035578,0.4527001123285115,0.6045943337923093
0.3720670239937176,0.045165609526499,0.2017424461964083,0.5501058509367525,0.4583994306265651
0.4249975821019007,0.1839197281038947,0.6359640395041104,0.3985223726767999,0.3721127861045247
0.6958031379457411,0.3907619614687506,0.5929846258601347,0.3262744326674975,0.4156418873689531
0.5840136053659748,0.4201009532397137,0.0665780674372969,0.4358647016661336,0.5238057003901825
0.8613867537597496,0.1290013001773932,0.2831046509623933,0.3261111247480255,0.4234240135108025
0.6954364186404506,0.0682983076564304,0.983320439848984,0.4164110161896409,0.4592833004861333
0.1140934999765426,0.1609178269414454,0.8242164149868084,0.610348765440815,0.4862166679428383
0.8949730251166188,0.3456683690225326,0.705390812309132,0.6163451144725186,0.7041208230797629
0.6955231865354895,0.3893445491149003,0.8594335319025777,0.6760008158774775,0.7009960818203173
0.4532521694524559,0.2352207736024708,0.2863993584917195,0.4751457146830193,0.4515258695196618
0.8923121092482487,0.2633838327408517,0.08363567752613,0.5311936487904663,0.6172473323336116
0.2042580275214703,0.5531125882961578,0.1281358838800058,0.5196167850882722,0.5278153640977253
0.2912481643997062,0.7963487663823496,0.0940516965566229,0.1611280981552995,0.3366661586275574
0.8416229295379406,0.098577607080623,0.3594914570227545,0.347894786735007,0.4114032171266497
0.706914580259927,0.4880635563040277,0.488630039382927,0.4914854887079333,0.5683937123444948
0.7248859991715901,0.973976235008246,0.4613573685148558,0.2332559357654414,0.5585762893867422
0.0844857030434191,0.3531215063584614,0.3182724250742396,0.6522912319805634,0.5351555861314267
0.6217214605073678,0.0865219146055341,0.0653360934513961,0.2850029106664592,0.3563450485852803
0.3427483557850758,0.636404437965721,0.7948726295642314,0.64852274976143,0.6800797275205717
0.124861311054877,0.402632334449462,0.6841043078697319,0.3992248278545351,0.3427927681667129
0.5632692627273143,0.0691290765816523,0.6236980144199848,0.3294548210097566,0.3415200545777492
0.1733304629140705,0.1830034958223819,0.240024375533193,0.423225856061082,0.34303208233501
0.0259959802727815,0.3952085986631,0.6121094328565274,0.6939689171861881,0.550438043990824
0.6906573062265056,0.4498803475281663,0.8066623611060734,0.4447964322622156,0.5327541274813731
0.9651379128924198,0.6944590610258421,0.9763217142414454,0.4350693980208294,0.6837668600780953
0.5736613272533623,0.5913820001828966,0.1424375382160801,0.6584217568951943,0.7206107080529632
0.0792581961881899,0.6826268443409014,0.3431881935921025,0.4759383349317432,0.4721881703052573
0.3903841860771016,0.2720318943785035,0.5996595711820951,0.5765186225853526,0.5167915589839247
0.5988276860996479,0.0857082463411961,0.8293115234487461,0.4813515941889167,0.4771912723550656
0.1329067573497693,0.4386495933247143,0.5149710171792391,0.6747544972741393,0.563816834020882
0.932066761506014,0.7158285211494955,0.0732303588092648,0.3301122915420943,0.5992271880065881
0.5340890436809704,0.4777813512524867,0.7661947232652213,0.5528788903237796,0.5958542322520421
0.9622694540907448,1.0,0.6220115349233338,0.697330119693184,0.9662678536275854
0.4558611284953977,0.6221151807010457,0.2956768355225385,0.5046713185494714,0.5762172957792252
0.2200451945547611,0.8708483622745933,0.4765784808942306,0.4893379231783901,0.5862047000919961
0.2689972500749417,0.8048327527339978,0.1676770125358459,0.6497488799911082,0.7150482594245859
0.347993149584165,0.6383302257052553,0.3146443989868457,0.4234803420607315,0.4709349670543641
0.8657989616537893,0.8492082328113866,0.7784042339060931,0.4531379370919944,0.6926844004837083
0.2385957916685124,0.7523607609328568,0.2403891174485551,0.313084928173997,0.4095755100647643
0.6045134017117924,0.1040545389205473,0.7677863483049194,0.1244069687767413,0.2106228334300082
0.08060179649651,0.97038565142704,0.5549155479726411,0.5184287569262614,0.6272528905736148
0.452130971475554,0.5433379842741806,0.94610316207878,0.6583459202629145,0.6949187826067069
0.0870016365119868,0.038501074239693,0.7578622880359499,0.4068540950744725,0.2879454210034691
0.7189376244538054,0.2524126720020875,0.4465082048177354,0.4429161468127494,0.4843040140318173
0.5957085995542163,0.432446361111453,0.9349615219510192,0.596823405216814,0.6335980681241304
0.0415749327763347,0.9752854087787732,0.1147273455783774,0.4808463667189526,0.6092071142155696
0.1431449221322163,0.0204983090343037,0.9811188951634724,0.4156067117203223,0.3395141977630325
0.1678722457674271,0.6758208596513715,0.7108665452685894,0.2066742112172877,0.2874916097035827
0.4349805455406449,0.0926696152877781,0.2816098090298308,0.529072296274664,0.4788437985642523
0.8965624081193433,0.7238745616811678,0.1431779979457146,0.4792560231325422,0.6955942418853166
0.8122607193630026,0.309266049939371,0.6782956600396142,0.1088425712843076,0.2724926302612808
0.980217684784135,0.3891683379666741,0.890598550176549,0.3665547884429123,0.5525591689922102
0.809219209042171,0.2136326925666873,0.2661542834376877,0.4619563943716088,0.5309635792793062
0.3734628897735313,0.9449912106832198,0.0577624923030229,0.380419856031444,0.5854066842165364
0.9061756260227648,0.5695583894757628,0.3480278564199422,0.287259510147451,0.4932749542029372
0.891797135172681,0.9845049707642012,0.2978787595059834,0.4729789842219972,0.777844811527041
0.6572917702403772,0.4370599667644242,0.6139067676891177,0.7233101246205377,0.7250059067684957
0.1979681819222377,0.8138483226360306,0.2471334149364361,0.4662405958811013,0.5495520005997542
0.6505261494976404,0.1610181572585792,0.0180344302975847,0.2986265367749171,0.3547190677909151
0.1117863939541846,0.9503585955783228,0.7736958382061336,0.3841138073292086,0.5362575565089318
0.0470780864261611,0.8505996038641197,0.4952858744239664,0.5466681494078522,0.5843641676071074
0.5386502141336866,0.0489392111274753,0.5137816733392923,0.5062511037825616,0.4728946722542828
0.0322094684783437,0.0938151091746603,0.4948865928929726,0.5109764940342968,0.3658253319358553
0.7211646004396061,0.436043805606656,0.1661020379335417,0.6229876390619362,0.6996646315405228
0.910771008739632,0.5791575323665636,0.8558252562619516,0.3286242996530197,0.5269744357267081
0.1694023492929688,0.8683579424492678,0.0803443961482829,0.4267267927051534,0.5610870390793827
0.9009535885003898,0.3646305218829124,0.9831295630805448,0.3890635232621841,0.5361188197793121
0.5939254750945661,0.0583533711145134,0.5190860959134266,0.3842897160850729,0.3911511781504768
0.3346276255765704,0.2177935421164309,0.5285459146965521,0.321578605823377,0.3018988242395747
0.1304236011218266,0.5048442984695762,0.0169732146977828,0.3191070126814461,0.34402819072968
0.0741889487772001,0.8950034670076938,0.8761302978519047,0.303014731659116,0.4325679709288344
0.062169768345742,0.3012028214932787,0.7820778486000877,0.4616585594885629,0.3584469280810665
0.2490287356362836,0.4488603789476222,0.3884882626563652,0.4612944960706302,0.430344630139718
0.371734931297729,0.1826094096420979,0.2622686215883218,0.5856373450258463,0.5115075419793358
0.4063177087271607,0.5251824739234262,0.2753230627684876,0.5550242566981568,0.5804833287093456
0.3192909292584321,0.6400431193486326,0.1204594945049624,0.3520973862368347,0.4556342184954119
0.67023494148419,0.549097340156946,0.4084261677784578,0.6817374397615692,0.7401303260550566
0.6425251133442879,0.5045540242218034,0.8945062583228566,0.630538744666535,0.6927612138386742
0.9969039487089848,0.7156551477041747,0.2952545991880497,0.3446786170963963,0.5887263037438843
0.5519346613443106,0.7619657988821025,0.7922337686811768,0.4234456743505443,0.5897903068326515
0.3169753055295005,0.6631090876292237,0.6785956581468031,0.4217190716253668,0.4827731411889878
0.5099671924231933,0.6309959112295168,0.1752537446569205,0.4855336422519218,0.5728881878116923
0.4245622128126634,0.5497305777863422,0.6693748163882571,0.5367208205320098,0.5558393969377436
0.3378317405675642,0.3350596599799184,0.8920396622531385,0.0667270433457501,0.1378682387978571
0.7908334528777541,0.3141329721498007,0.1603646251727681,0.4026494259151572,0.5117763638055144
0.5499775980238977,0.8190868427045951,0.8099981021455204,0.350032130054608,0.5660878874715344
0.5812660827753339,0.032215657021935,0.4174687755842689,0.5853745199936484,0.5286563152935286
0.1155299776468226,0.9431015761582804,0.7773031155692296,0.6853352292703027,0.7576248932608344
0.5747087724035156,0.0741220155424875,0.0425037798429453,0.3907692750262476,0.4206416938684416
0.1093790250167842,0.3399472445878742,0.2130995957506479,0.2984882611855723,0.2834501275005624
0.5092128257632673,0.4791114814110968,0.9526063679268676,0.4916459519893176,0.5707547663916525
0.2013417361154136,0.7326403905095219,0.8777945025886972,0.544000700448793,0.5789240702331115
0.9871058971838422,0.2851054224159525,0.3309284211760331,0.2406496916659963,0.4017277365750797
0.0328777384493039,0.1299920501114996,0.2812878202307686,0.4008877075115442,0.2851736765033526
0.2185498177012196,0.4945389636719774,0.0126235406089911,0.6809685433852989,0.6150083619120662
0.0472820587360431,0.0284762200780083,0.8043361676685441,0.3011807497951783,0.2104518925984713
0.0531881220446375,0.9871675757446038,0.2898681743476905,0.3614062706991168,0.4907854727322661
0.552436897619086,0.1795828819530802,0.8229896362676106,0.4829558404724645,0.4847059824507991
0.2815923144842746,0.2648175148192757,0.4721907297468257,0.2507641133085699,0.2486554317022068
0.4922071598152467,0.1456791793070534,0.4595180767128304,0.2085354556980209,0.2337041932241099
0.4567483543804206,0.2296023633899003,0.123178901469644,0.5580572545971955,0.5385221930950872
0.3201442096225816,0.073191054020123,0.8922010336161375,0.5566742578178776,0.4734965612936056
0.776330050286903,0.4958429536809577,0.2708293847239288,0.4589849609578244,0.5645603239436083
0.0860807780974143,0.1581432945914347,0.4723102600767209,0.4142730817458183,0.3112443657074706
0.5906853803902664,0.3170885851578164,0.2570816367588452,0.3726372074162346,0.4317085764214005
0.3945944426438821,0.9557526199016392,0.4606624452923372,0.3806512000038998,0.5835886534992214
0.6315732058751524,0.6200562817460702,0.5616594680340129,0.3878138304475164,0.5083921540045553
0.749666853727821,0.9702943028592322,0.7071233789894519,0.6570841194407298,0.8850254166079468
0.2062873382134566,0.8614290722555269,0.1920019448222259,0.4645442008185158,0.5667208720652462
0.5891562399857493,0.2849037968446694,0.3258061499716719,0.3093268683244147,0.3472745754764622
0.9901943708127792,0.1028376704654716,0.8089160589836653,0.3085511896034488,0.4408636032210803
0.9625455574266648,0.8245999239290521,0.8208501805041251,0.430408759694567,0.7077275123879138
0.2229594529180135,0.2575652341377815,0.8576044460240141,0.3870842330667774,0.3648098193675088
0.0537155662414327,0.691689861159481,0.450715626056788,0.3790251841163865,0.401758937692557
0.8993623312895431,0.4799518831287215,0.7830256572156927,0.61737316816496,0.7174767162249418
0.9694346535311544,0.7976299987618694,0.125083208887946,0.5699540652076742,0.8250967886573228
0.8148337836253926,0.0147116421282064,0.8797457720239262,0.42612401159476,0.4886283603396937
0.5885552860143349,0.3035407842837881,0.2309109021341965,0.3979871065240022,0.4542680234559786
0.920734671787858,0.017794396882801,0.1630453052960565,0.3319953075921822,0.4166878862173827
0.6440051393779619,0.9686604697153998,0.0791308857239651,0.3167527892387294,0.6278914201631868
0.0324142191587271,0.8787549793161628,0.8234292144465312,0.5499690106539453,0.6273940120332095
0.5037321719372083,0.5109475765945422,0.570778594612352,0.4180837707430012,0.4842463272456908
0.19155231988273,0.6509250306776647,0.6692592476254092,0.5909186629751646,0.5869792207915098
0.6562056935611528,0.9512644201222558,0.7052193224391783,0.437937012971512,0.6868771131069192
0.7991505381649605,0.3536201079163725,0.1820010571084842,0.5366590712901028,0.6042743357443593
0.6969547704953141,0.5178336392038073,0.8293241533511537,0.3531495174214827,0.4851187576747506
0.1158024380077015,0.0781251825160092,0.5609730168290207,0.7204542585860961,0.5365984901217752
0.7987089912707693,0.7652058901463958,0.1796375232792192,0.5344824578190426,0.739957808804588
0.7965780056728706,0.7866780691278863,0.5477655405603113,0.4122574409389591,0.6344912484974427
0.6585885575218228,0.9375772718348028,0.9403532900024454,0.3897499517043153,0.6790265493312747
0.4929675018104054,0.7905124357042627,0.5624433426321637,0.2980358163189426,0.4676015300329136
0.2854010910068943,0.0226799299969453,0.679018211591992,0.5999690387485773,0.4905159679304799
0.2252732138420436,0.6954482134890506,0.2775007955582002,0.5046454397339285,0.5451701739354095
0.1240233098711187,0.4266043838396388,0.2424512025810958,0.1953995651273864,0.2044737847555402
0.0842746340715405,0.7668876785138854,0.4632989118059489,0.2445371340159139,0.336765396541457
0.8952909784595412,0.4732129687886475,0.6070976314838825,0.3671157021719132,0.5044889101788541
0.3714642781221295,0.6719402768259598,0.7635629756377448,0.3727047675917637,0.473982039275011
0.5314407546949386,0.4864866371386244,0.8920838612956822,0.5151559606720905,0.5857991451983605
0.1328394273165939,0.0659908173132818,0.3104563657630468,0.6623493622340173,0.4873380824769518
0.4536674416767172,0.9446421523168697,0.4197011568302556,0.5939443173734729,0.7400610695120526
0.8682339102572987,0.4052314153697343,0.0395345095116479,0.4857145608926648,0.613017034142241
0.1251423855943065,0.5239384637706817,0.7705993603047967,0.487775435162059,0.4671036287720567
1.0,0.6094341349300757,0.8302766173321254,0.1258332799220332,0.4129768221968665
0.8055279026098711,0.556683075588153,0.8445504909471754,0.1692163420616046,0.4040294679375865
0.1107490613530822,0.3657075067326531,0.965603029041446,0.5357157115392277,0.4776684246576705
0.2653493559128704,0.5872180968100073,0.8084530269125502,0.6015772566589603,0.5945171898162309
0.4718606945541629,0.0692435852145809,0.1212790613594934,0.5418132409366277,0.5123455809029911
0.7743060108831067,0.5277266263386432,0.4857488207260504,0.4579710437530788,0.5832265272188315
0.8219445428513276,0.5324098565648889,0.440102348894489,0.3990837382061472,0.5508102328158159
0.3736676775192658,0.6467169095001544,0.0191464052182806,0.3111802647738628,0.4367619858955632
0.8681021102544442,0.6950442048659737,0.3259976881809046,0.401231516875571,0.6099545274064715
0.5407498542369266,0.9019753277907095,0.8454903117782536,0.4269778479074825,0.6431454242493891
0.8770511851682702,0.0084343651651953,0.6084108376946317,0.5189730276136583,0.5606780800062177
0.3963183277278221,0.7689303086846566,0.0121180299471601,0.455257964614279,0.5900406464862401
0.7593274374636114,0.1493748919521932,0.7748277155079211,0.4783013592269301,0.5273500886697612
0.1670766374114894,0.6401894386811948,0.0147139889987722,0.4979700163865168,0.5176880566557065
0.1368977608476783,0.5814164153522586,0.1187511463691918,0.2728587799953816,0.3131551897596366
0.987497011973124,0.2411816175608024,0.689220337166813,0.5097242785652146,0.6082951364104559
0.7524439348939512,0.8380855542427518,0.1950394903835222,0.1742380179511423,0.4708831919360332
0.4294233320685696,0.9157540549320358,0.021859651687592,0.2710004719123002,0.5177771748691032
0.9294648365008108,0.995435224538154,0.3004471060424475,0.4788998450514889,0.7974878546164342
0.6260024520534727,0.0025500988413643,0.1491110039167421,0.392799784399883,0.3989547812787077
0.903969091740649,0.6230113312528147,0.8052352009689565,0.4465861835049663,0.647612537585096
0.0969671837704507,0.6661805028690057,0.2890269973608418,0.2817675680935533,0.3223161440779241
0.90516692577833,0.9092736229610232,0.5598572853198216,0.5603813867378035,0.8403504325851766
0.0592173420094536,0.8792451654548796,0.9112048195564484,0.4072039251293203,0.5118065599408513
0.268034222676042,0.9846111961421372,0.5136162337115331,0.6547380697607202,0.7722852314085381
0.2659180221018309,0.9930433093951058,0.9528485536474106,0.2690229461397543,0.5232977163140622
0.8666995603157388,0.7795987381835267,0.4887261248327999,0.4445274669639994,0.6514646891762903
0.0314648802173772,0.5164582647883015,0.2774104179743777,0.5873152604789742,0.5119433183473499
0.3854320510937016,0.9126171685577944,0.0117206533375963,0.3140942511284339,0.5233675750000817
0.066262360810019,0.4852970086503733,0.7255509425323043,0.4684501253935311,0.4162798026476683
0.0067548172972995,0.6889295459495408,0.445007026528065,0.4207574084279364,0.4218347027551106
0.7007787259878705,0.1398091886449207,0.6354846029906575,0.3683611828171712,0.3992134577883939
0.8318988597228957,0.9444342117723804,0.9084159572581376,0.212331565879532,0.5510151562672152
0.9246054297071394,0.631807364551661,0.0332505644478307,0.5127160657610027,0.7095573209066542
0.1921031739635791,0.1771387764427395,0.34390914738052,0.3467761215658538,0.284017752836541
0.6705560676162354,0.8734276407607257,0.856895836330876,0.1395512434078831,0.4534644112746594
0.920765340418676,0.6688132167807739,0.1021044415845708,0.3949882857250421,0.6282207073224886
0.3648769128085686,0.9439890988042384,0.2424132674168412,0.4251514362299328,0.6143362292685055
0.3938462575616367,0.7364573612335588,0.3221899134124765,0.4042630635881122,0.5151178089225876
0.6622938861308987,0.0210535995029191,0.3813415101147018,0.4607626504791655,0.4611414920835851
0.7444660175434542,0.3582812383937829,0.0524583099998792,0.7052999961857045,0.747563221133768
0.3552766487268884,0.4821617858719177,0.4886867796822138,1.0,0.8960428391070716
0.490396048671998,0.5935161261386478,0.5041768561301667,0.3038573945424843,0.4207096644862895
0.5300864926667156,0.7952572836083942,0.1673079888325776,0.4741481068850367,0.624126697950816
0.689695118107366,0.7795931230784408,0.2798776036963322,0.4931395382800501,0.6709915677177326
0.1489591535540614,0.8514460528622112,0.2959381779838101,0.5825209118197101,0.6377584110512285
0.5224468531111555,0.8057727293474376,0.1996410094844555,0.599221163768641,0.7380549139597702
0.2366767078863605,0.1337302708273161,0.6261439711429443,0.6453036737448765,0.5222627356982762
0.4060978549727512,0.8406831753536353,0.420357269110461,0.5329101828143302,0.6663773807518154
0.7755924703758348,0.5185284460425117,0.142895561933306,0.513095815113689,0.6355225892493543
0.5337657727451761,0.7431172102284516,0.8432833658803004,0.3955518821126287,0.5403425070265735
0.9637240310051052,0.9211340736444176,0.6002819585748225,0.6058968508610421,0.8764304848530678
0.1030463943542576,0.9274882198980056,0.7145999464875618,0.1931728134118724,0.3658446523070278
0.1747715274564835,0.4600896392549096,0.9428384364639328,0.4598010661968794,0.4346387958860727
0.2818482465402814,0.8173410498339705,0.3163086714260752,0.5121707943028935,0.6046256649269033
0.3158960308594792,0.8708447996557271,0.2759741378660856,0.4329434525939153,0.5805499014850019
0.9506469354324624,0.2675492491534698,0.4866441948222338,0.561844940428242,0.631181098668575
0.705693344733031,0.9882640139624704,0.8815013950055033,0.2110668783339549,0.5377621236908101
0.8074564800854006,0.5357946101545132,0.8959408837917078,0.2534883368117323,0.458421249326972
0.1885837623635477,0.0827548298733189,0.2848865817337018,0.405390823677213,0.317489421440111
0.6014759496254953,0.4082397898175563,0.3460885209788218,0.4973867314708299,0.5248285164871462
0.9907419715249128,0.2337214016573154,0.3753635909647525,0.4923836169819044,0.5838706270978129
0.907393700900052,0.9954768885270444,0.7949913661313328,0.5310090516936471,0.8169309885413294
0.6318769980533132,0.5919738581773696,0.6557174496363144,0.5580574673791623,0.6455041204238331
0.3256327958036964,0.1193457056582038,0.0390699714954956,0.4981481475160673,0.4582726334215671
0.4663529583197951,0.254526660425481,0.279360254258152,0.3009021416232319,0.34079447782444
0.4663202799258953,0.6758664817733449,0.6275976143858023,0.3119796637516264,0.422952347608992
0.087082608172487,0.8683567128761884,0.4549867619174259,0.5224305297602773,0.5837003403794532
0.7598873779341159,0.6068272284235839,0.2042021862486966,0.2455951283015134,0.4463682203095884
0.135389401937517,0.5789682303607194,0.5919229716987268,0.3078383502138955,0.3497465669695782
0.4698921163470289,0.2293259169062624,0.3812435932381254,0.2001567263451714,0.2466464241501005
0.8550304798041152,0.1970739626718713,0.4572265565721113,0.5002481754088764,0.5803330652074465
0.2429640203997544,0.435288510618084,0.720019716694946,0.5050934879003034,0.4545407250594941
0.485183536822502,0.0,0.7141742964465534,0.3062108510035628,0.298465743774246
0.5236314674527427,0.6025618724329393,0.5456807904048677,0.5591127206377187,0.6289704299374275
0.4583994803855034,0.5178115609784157,0.5122397085158384,0.6850141961161826,0.6715632376620445
0.3427195038163552,0.1012766968045437,0.5213003113684817,0.4048693905431836,0.3292683740489432
0.7987034841469001,0.6501325593618709,0.0038166493387186,0.3444293107175643,0.5776177304339094
0.7701197949474483,0.2283202009561957,0.2877567347619523,0.3596973817535959,0.4466366101472196
0.9700449693795676,0.988209424535546,0.0627791038469423,0.2368623933712283,0.62436841541429
0.8579972272706969,0.4293025578810522,0.1547872170639292,0.4672955454767175,0.5735510858724093
0.5535198728292319,0.2704346158568006,0.0143350478345056,0.4985739845533331,0.5170451878256161
0.9091562910370848,0.625051143556333,0.1150091968555696,0.3384394346316524,0.5628475288071088
0.0299034541420599,0.3167392859244823,0.5245284024665215,0.2160656320631237,0.1682907835775786
0.2442995398715453,0.4968678052120935,0.0512359934289429,0.3943241874810122,0.4206345040318746
0.1827847556075122,0.5061752329808706,0.1265303067573299,0.1115792834326565,0.1893414691280199
0.0734636399788299,0.4620336045251096,0.867465937091042,0.3113715754445392,0.2976813423206384
0.7148532446845595,0.5893717138378513,0.4986205849337694,0.3099854229070409,0.4851674484361752
0.168515994728278,0.0764921225589567,0.4977743015857647,0.0,0.0
0.6184801607276635,0.9600107780424928,0.4710085089874478,0.2454680788324485,0.5281642917434939
0.0269295036809645,0.0548330272859586,0.9170875699082964,0.2999612500648169,0.2081921171787649
0.4390561538548644,0.0017282926850387,0.116382293337917,0.3953749422798577,0.3564945794452335
0.9367012432230576,0.7607037651524431,0.6956629826590048,0.7297104032803166,0.8870127620958724
0.8121587765075847,0.868227193980898,0.4413967182504631,0.427864235558448,0.67874656619168
0.2900039294223744,0.0362632419401617,0.3850386127657275,0.4275500419887038,0.3420514797412262
0.3704980502641603,0.8176779529604148,0.8960457059592992,0.280597134380312,0.4395256845508016
0.015152981801612,0.6354908393160613,0.2075188023049132,0.2776029808115741,0.3006416277565218
0.8164523804707899,0.344190950426391,0.2681685399981743,0.072687791774941,0.2608873562877808
0.3839903863429552,0.1041586507501566,0.6442817542880014,0.5201376609021786,0.472143598713836
0.93069908337734,0.82881837313612,0.3466252052284144,0.3895305700570777,0.6621587258859151
0.264732606428144,0.8767681959969,0.0014653976935464,0.4390595130207265,0.5888124277400183
0.6098190766376385,0.6795950607241354,0.2600999699919714,0.3452633075095317,0.5095908152911253
0.0785526802626576,0.1155575704679141,0.1956576108004165,0.261553290291009,0.1939575587544036
0.929310925005658,0.1298002390578773,0.3380745586821322,0.4409361608558513,0.5145231203827532
0.8771506154023104,0.2558887073652139,0.4319198266755923,0.3052201190627966,0.4237491206468075
0.5168255437436307,0.6417886451124257,0.7305699442459506,0.5093178905840106,0.5929187270211757
0.9398186983645956,0.2127931881480028,0.6755987483806563,0.5560913446853545,0.6190179518730137
0.694812324421281,0.4902414251868856,0.4313607917612947,0.1135647646700606,0.2946041959702102
0.4481143027028218,0.1789007186438893,0.7550704801083574,0.376749078588324,0.3746193495183762
0.0362750475842505,0.6495787697480759,0.3846699752214892,0.4781138163634228,0.4531962764064915
0.1796553761962631,0.9255513489353624,0.4119865393342313,0.6541302945136166,0.7490621646347043
0.9549260984617286,0.976361596849352,0.8255874291289164,0.2866089616236752,0.6599131795287605
0.8936522798763776,0.1069247342701043,0.709263555266556,0.4975500159893361,0.5547364777265178
0.0894824930882058,0.4307553625120316,0.0967347599277936,0.3890868772510863,0.3639186625247569
0.1335452090016509,0.5401031579703833,0.5137686720449651,0.2689239619466299,0.2778216614596629
0.0708539598689405,0.4815828084960168,0.8189105593766778,0.5153989589250014,0.4618258863360209
0.2889325410825418,0.9246959725845384,0.9388676789414307,0.4555419937883992,0.6374762772362944
0.0219873410201713,0.9009111509655512,0.9044230636518134,0.4533546907075396,0.5430297990072619
0.2425175212923931,0.2060762757407226,0.1368891628090621,0.2127671518232147,0.2070926640634579
0.4508725571678094,0.6554372097388013,0.283087290934582,0.2621074396290705,0.391662896651814
0.4893888802179522,0.2554364425165726,0.7528156658599365,0.2854338849429228,0.3300097916687123
0.7606165444137748,0.5143345703068386,0.8285108091288365,0.3384768343111692,0.4893396988496354
0.8517352019639217,0.6006788619983764,0.1112301447093077,0.3710800886631944,0.5670696957853193
0.1726031959691388,0.7476995671165235,0.2895075512386409,0.3845891331979202,0.4522210802341958
0.8983369072497125,0.321615554088671,0.0421052837906467,0.4887331964366423,0.6282743185164479
0.7122176494851883,0.7558206134101101,0.6340893937677585,0.4705768697878869,0.6606481286967186
0.5593942334586058,0.511415948737916,0.5244669877408005,0.5321157924726883,0.5957717739848805
0.7542116926886493,0.8398382356039108,0.0770191725121867,0.3673537431164416,0.6336545855461364
0.0702639221612599,0.3527459292700584,0.1650563206100526,0.4888895771105365,0.3981402268201053
0.3676468248570125,0.5612137110701393,0.434758244084286,0.2346007325561517,0.3250326771709751
0.5764811479587469,0.3244775316851666,0.1403198726385084,0.6781610426578852,0.6729250590895952
0.144742017642161,0.9434469537700532,0.5783780498109875,0.2104983468131666,0.3659329719677315
0.0798672788497248,0.1369540379709607,0.9632340837256268,0.3619774160689442,0.2911096114374505
0.4872150825768573,0.679507720988755,0.8277800611881344,0.3439020858721004,0.4835645784871363
0.7279525584872476,0.4261762738893836,0.872478197267201,0.506751679239629,0.6052463820693919
0.1604221454517275,0.3041926697029252,0.7490738271061745,0.6059622950698023,0.5110285379856729
0.9862156494173352,0.6920405832030769,0.2598926298966336,0.5152625765786362,0.7273487083675769
0.5276114223965208,0.2988824127897976,0.7901667893645584,0.2523238841603631,0.3185209543487502
0.8094593379441186,0.8601767084156854,0.3853438962333722,0.5464780181907835,0.7708996621595179
0.2775040915906363,0.8644287380738219,0.894249967499462,0.241694153632246,0.42177613738201
0.2776958611647634,0.6948926886096995,0.8654318577626084,0.6674635637206473,0.6956849754326602
0.1828365586720695,0.877581390628823,0.6166373064212137,0.4378936208509722,0.5472805316462197
0.8291846842220673,0.707153061714083,0.7159810856953592,0.4812750629490415,0.6680510460669085
0.9326799759265296,0.95594235119252,0.4492917195110072,0.2730579420991234,0.6231942641463857
0.919743534789417,0.5290968385849205,0.8498923812896791,0.3236344945310965,0.5279447543423685
0.6393848827169876,0.9918111130011192,0.8057120098074176,0.3649709715616268,0.6647711804410064
0.8173997310560852,0.0840884138590265,0.6360530902983647,0.3990343338107133,0.4660157796199214
0.8029862089443748,0.0886056774455908,0.4412785273762942,0.3220658548519801,0.3890167302882256
0.8908892319396411,0.4024532064971311,0.7237171049892029,0.2292699799192694,0.4048405911864942
0.2389520031197372,0.1437024499656475,0.4651024614376364,0.4648227094808786,0.3822741696306547
0.1922958484633014,0.4002353605766266,0.4126579492287799,0.5523582456298357,0.4860273599399748
0.4382846077724426,0.5438778591847921,0.5828876362695032,0.6526139548313169,0.6384829968553142
0.6225764432129623,0.9969088514650302,0.7309344752851026,0.301634940258164,0.6050977175473243
0.0650489511654092,0.2352199645740417,0.7307627926277813,0.4502696850194381,0.3482120213066704
0.3566116425402741,0.5990815127958745,0.2379431144151576,0.4985152655282728,0.5533510061458222
0.3085955997837271,0.2306186083700338,0.067805273518926,0.2991418787385808,0.3079307940929759
0.6242959010954253,0.0370318167560997,0.0101417676447003,0.6245244932465771,0.6033673180811014
0.3462792891351321,0.8716347097785395,0.4480254337957645,0.4949993965888479,0.6269527386643458
0.4435535271044059,0.2800342118425823,0.8733156410663987,0.4126046408059613,0.4205203757622838
0.4961741228960443,0.8116394374328237,0.3986984509697675,0.3196208481590075,0.4967928717535895
0.3897283458045177,0.4482718524393929,0.993492790022798,0.4242285611394825,0.4772489002075724
0.5162345866547263,0.4537281112429195,0.4443418344160911,0.431466448812729,0.4824484489170009
0.3678177089165512,0.4422143770282637,0.8354686544268091,0.298442408687129,0.3503458147600929
0.9825753126149308,0.3026121749623179,0.2880289695492315,0.3762432560560514,0.5127148689288668
0.7250223239717555,0.7085379151513798,0.9337878074650294,0.3373103038647503,0.5526387548399702
0.4711551690483324,0.461159190723463,0.0711519078887235,0.397124056811695,0.4728078399621376
0.7179421007402953,0.1819502260481953,0.728641419233284,0.4246165176124643,0.4609534211373318
0.2753676943833779,0.8673759017898466,0.8300560871874006,0.4815682108346077,0.6054626323915707
0.2244059488488879,0.6545138397005064,0.9862593606493752,0.4763302837463659,0.5227489739116674
0.581618046243332,0.6358706123649532,0.96272445735244,0.5699685929057058,0.6756300549080337
0.9697181388224756,0.8748116631496587,0.4592952211322539,0.328072260285512,0.6450829715455656
0.1590841994676943,0.7247969140922069,0.8756052162953882,0.5804002652280137,0.6008762584616211
0.539654241325193,0.4795792035057964,0.987009086859846,0.4518235697441315,0.5235937813127434
0.4950493284155114,0.67737498772312,0.711790539686927,0.361121614216828,0.494561295637363
0.0075596022142267,0.5659511800589007,0.2282381206463047,0.3920928235575803,0.3666671322313052
0.7536143756750148,0.7062458924990128,0.6382890329555493,0.4028501104464507,0.5745171500248407
0.3660806649780426,0.6894095117868321,0.9661834762756198,0.447697335235531,0.5515379857130293
0.5472841875947483,0.2448163835995603,0.9095920831021684,0.3316813952075522,0.3934073776303977
0.2880125113977431,0.0308450662028692,0.665235435290734,0.6110624910659578,0.4945782671416777
0.1091423866934728,0.0955408749826465,0.7198966751876403,0.4776842482272481,0.3599485501203464
0.1494538485902213,0.1475119520151144,0.7132737962972064,0.5548213708175267,0.4402463701056195
0.4484109968556869,0.1715437162885438,0.4779355228545021,0.6244822096717956,0.5488937986015504
0.0062362757155023,0.8055165073736767,0.2183592964768251,0.3227892558889063,0.4159678494951331
0.2439147611765138,0.6804885347364482,0.1431522675375016,0.6331122118582897,0.6510553240572706
0.1807773997151708,0.4637517096040303,0.7906529830301753,0.1559668518437301,0.1979829355779282
0.6829572944954867,0.0623753867133006,0.2257999730516019,0.5610994234331562,0.5635907624165581
0.170572659702577,0.5388170660246635,0.838867263333435,0.5021882610579509,0.4789024166020121
0.928248276238126,0.6253813450146803,0.5225789092267511,0.1075909256361913,0.3827706889273726
0.7364885875882179,0.7985339807916426,0.4296316141806804,0.5734038110986724,0.7636181093591108
0.1568200186695523,0.9309186663256894,0.6530588333476997,0.0229827648766484,0.2497995340329243
0.1353049856770543,0.9763701283988774,0.9194886047701732,0.3269352801486829,0.5091600832507763
0.5629757700751894,0.8419836479296138,0.0360862405166213,0.5625739971291956,0.7309226342504503
0.98586330817699,0.6177433425290193,0.1008467767763474,0.2755359957764583,0.5270198673780397
0.5406696514523753,0.3487354447985597,0.332062848687639,0.5684883794194653,0.5725163699929997
0.1732297729581117,0.2242914639831896,0.7502772911595443,0.4998728005970527,0.4320111759690463
0.3453204695711172,0.4502624556806425,0.9312565963397031,0.6197450004485067,0.6042963968530727
0.5005482361713871,0.0078428392028386,0.1411004340153968,0.4930694945827852,0.4636593889970858
0.5226931053427235,0.5668836974224525,0.9017973496940528,0.1855874892972367,0.3417727735142945
0.8603265055721936,0.40678256914077,0.1663076037584782,0.6424976937103528,0.7035843783368605
0.6588029417645177,0.8718824126131709,0.6092282638667331,0.4700596477659169,0.6677091802303271
0.5548961934055916,0.4287187078391353,0.5730160689054291,0.4057335549820003,0.4546308994898625
0.3602205230199232,0.3034605742896394,0.8522033556423414,0.2087254569884944,0.2463010242853215
0.2854645865767744,0.5708257357308956,0.8584061672602616,0.3801548574457049,0.429145459014141
0.088907668175364,0.0643772635994816,0.2608466802591112,0.3298298201854365,0.2411244196003111
0.8711095039285047,0.5790710419208697,0.1524265814317354,0.5606790942744799,0.6967614837257026
0.0567247018729406,0.9947054922956292,0.3610131841741677,0.4833685579560579,0.6050446779450124
0.2026978233925136,0.0646402261739884,0.0469431157679009,0.5671701021465496,0.4627272047817903
0.338095849287418,0.9634391810694792,0.3059693531974482,0.5008791210837108,0.6833331910031094
0.529323891279636,0.9365571497489708,0.5732929668486272,0.6520422496936507,0.8194649035450138
0.7878368942393351,0.5468216289449729,0.062328138591045,0.1621019311190701,0.3828846819976902
0.4692502252579451,0.7805128129908037,0.3488482077662851,0.4189088586459462,0.5528523236699069
0.7401258636149465,0.0982011574250962,0.4589896692104127,0.6683161971046684,0.6448465048973696
0.5548576344690723,0.8620760194999812,0.0193584061533297,0.4970106621487211,0.7046667392107923
0.5951355300367756,0.8419184136450573,0.9723757353832386,0.553083796782602,0.7357841129179397
0.8099014467239282,0.8982296339714241,0.4778787603502428,0.3042274635982089,0.6098581314318239
0.7271301048249398,0.1307591870860262,0.547618392236395,0.6347395443492647,0.625999195822772
0.6611393312357084,0.614984656972569,0.7243896461308399,0.2228433540105663,0.389660371547624
0.3769126658158046,0.1462261094939978,0.304598184828776,0.6400509186184553,0.5435124255118283
0.7607260662536429,0.8810043098229465,0.3486936876607501,0.6123444748279312,0.8161851129567296
0.7490093412398302,0.815832541132971,0.2409150698315916,0.4939130072267776,0.6928266278005658
0.0120148511033907,0.981702840019363,0.069782391209392,0.863968791086741,0.8755452789343056
0.3010898809265008,0.1780344202104306,0.3480942891877949,0.3549518390039679,0.3122690699266215
0.4156536808354116,0.7176350824441017,0.8853928283106854,0.5023601129824351,0.5987542003757118
0.5447553747612712,0.8701912859665909,0.5447199436406649,0.4623724912792252,0.6651454852522488
0.9368014864413128,0.8316427965550393,0.1633816352436926,0.3017138842740923,0.6086451090672121
0.2707537764275653,0.0555439848314212,0.2658970244369133,0.6374771006655131,0.5206883723645288
0.0218422921549516,0.0043612037384866,0.9284049020056654,0.3879113121433723,0.2683804748822213
0.1715824718912804,0.5972794025436747,0.71588334322696,0.4637252656762963,0.460219250956889
0.6278520999211495,0.8177270259786458,0.2763613802244792,0.1860914913837005,0.4343507939902244
0.0897911821067738,0.0065776085755854,0.0457373110910288,0.477413075885028,0.3693663896202296
0.1202561814122095,0.9842051072256092,0.8489089642225637,0.464974170570828,0.599327517068925
0.6575232179465533,0.5070714558501279,0.2051178421781402,0.6130585210527378,0.6798972813032295
0.2405397166633467,0.6377339670652863,0.4697855270106951,0.271659307821285,0.3463257620330475
0.1960049962519066,0.8621042957949059,0.7324138872425934,0.3803997655544645,0.5012193803353499
0.4161837745025296,0.9989297136774764,0.923004986349938,0.5915478272815516,0.7767105470412686
0.8212640148660018,0.7041414318500554,0.3411227941780804,0.2450379848936183,0.4741302495220183
0.6636661390452293,0.2182239303059812,0.698728506945266,0.296819355168151,0.3518945845057115
0.9414594467389572,0.7326822762510163,0.5784555202277852,0.4855578750785604,0.7121655266510798
0.6296006809216976,0.4076667261940745,0.3005659503458092,0.6866415892287532,0.6855089584200379
0.0934995806395744,0.7243041504679805,0.1515672443266503,0.2987987815959808,0.3749730071594344
0.3527743499878936,0.5867835374261983,0.7026976822120018,0.4926121051066273,0.5389002308186447
0.0668853233254806,0.2449447122236966,0.6744325202909318,0.7161277375633307,0.5476084662905996
0.9633246305630132,0.78214291275687,0.5442051825278083,0.1537380285005089,0.4581483596997484
0.2939341880126817,0.360388288928027,0.5632952150164025,0.2904039140034921,0.307377906445656
0.0627528438041066,0.2837681322299236,0.6580611054513432,0.4591788236244898,0.3630179457332838
0.0590330565530167,0.4379596591213545,0.7718375024501536,0.6832177596854804,0.5628535758033967
0.6621594320304907,0.4304964594069672,0.7559093690186807,0.5353850035041896,0.597312698352652
0.3360492314902649,0.0426861713621535,0.1112214961844667,0.7832239098194753,0.6659255086238641
0.2014978483718232,0.9192054218395256,0.1020155417081052,0.2947389696239168,0.4753037111695116
0.3980873784670199,0.9851997054733664,0.4375611548347392,0.5387533104299699,0.7178691163945746
0.8131591451182308,0.3393205217847286,0.9581345700220608,0.4642914417702782,0.5596383983543207
0.4737465353471072,0.0230662011627876,0.4973366729024184,0.7678024841015388,0.6496065076063995
0.2210591619657513,0.980482347942508,0.4819343234782664,0.5738533536122198,0.7036242669600883
0.2548648603490604,0.5455547327307717,0.6492281266288356,0.5748692845008758,0.5575497525523074
0.5645469986763038,0.332558255602975,0.9491584287762458,0.5945889320113402,0.6121797068020484
0.6320035743439426,0.3331681414539792,0.3531369569095255,0.5117577813984561,0.5581901606131032
0.2560497283370578,0.3249496359176677,0.3048549547361694,0.6039677464245925,0.5261309038304203
0.1409555539736075,0.696904597974417,0.7135656502695135,0.3845140817578822,0.4331966900062041
0.148637476450206,0.7370943993841288,0.9098805061965122,0.3790352947164522,0.4685740947498106
0.5884906929356362,0.1326404543000588,0.3974126906407516,0.6102224255210201,0.581612442158582
0.7932916790050781,0.8013676819432983,0.2911306739040646,0.484656958631219,0.6999202864121804
0.157362599093957,0.2220671711867653,0.2024475515064227,0.5397739898732545,0.4593330576953894
0.9731609851612986,0.395882283483686,0.3019150551894841,0.6440758324578908,0.7314427351409054
0.7686382674405376,0.6053377043449912,0.4939350522682024,0.293233169152281,0.4719335644952531
0.5064274296564589,0.928064877529542,0.6974153664036126,0.3289363981079468,0.5555908464280198
0.7888628678022485,0.5059414183518246,0.0233917076364003,0.3244811873781208,0.4936068566302771
0.7514353223981548,0.9342109949986752,0.3888269591567931,0.4040072891578234,0.6693199728063671
0.1128204568842884,0.5341239626721379,0.3890062982292059,0.3302183038625043,0.3161239903248724
0.0715830894394954,0.6945688037351723,0.0719217361055286,0.3450956181176649,0.4128560508979046
0.6927206932061348,0.0353425474168298,0.0500771017709282,0.4195091883190566,0.457288429480982
0.0759750908232374,0.8681413029351097,0.7147611322582741,0.3729319079922569,0.4545305907541848
0.5373509493979426,0.126778993154489,0.8843421318882286,0.4021500472694237,0.4133806302720006
0.8945916637137655,0.7986032885948929,0.947762851266004,0.3931377698279235,0.6658743269755307
0.2360900969639183,0.8369793844936528,0.1741314418993095,0.57237339142242,0.6518265164038732
0.8258841265278317,0.7359838297867122,0.3118891405102743,0.4106035602268409,0.6192065650432274
0.0063952340706321,0.5160139875757355,0.1027293867017164,0.2769582311460455,0.2625704285529984
0.6621236532926054,0.4443750845941225,0.8602145821489499,0.4328971683731082,0.5278262087480451
0.6444522822186888,0.3952670619616184,0.2124478462390187,0.5889268405630038,0.621420482472855
0.961161779585766,0.6120498858369716,0.9530047826819203,0.3431207282820581,0.5581752882410966
0.2450614344010199,0.0952266104220833,0.6322953749494364,0.3889158442565966,0.3325959156284351
0.599428791451118,0.2473909534971807,0.0654980144885089,0.1756303468153968,0.2825909190561899
0.9254846451073072,0.182672287893633,0.162014739983532,0.4482256687811748,0.5407748366467091
0.3014632419670583,0.3379424148667302,0.1143346320518299,0.3991016512147922,0.3876279543156187
0.4216621816661349,0.8689928369999438,0.5589216653828617,0.4829775217167067,0.6199084338977433
0.535104208028021,0.3010554692638802,0.3695050400186132,0.3080288935527749,0.3554478993162676
0.3138322636481818,0.1224333308375383,0.8310959120935822,0.2604267740677941,0.2497538270096308
0.6359230266405449,0.5401330282379064,0.2941215437758923,0.5813935669979596,0.6425349255602792
0.3811322153638827,0.0160350190554371,0.5795564447961009,0.5830045943841633,0.4945511226510904
0.7828682782393066,0.1654253109949019,0.9080887892934932,0.5401097957189281,0.5880150038886688
0.4822609612053483,0.9580519658517512,0.9119293448240748,0.7196968390535249,0.8849530901703246
0.6638274780715726,0.5258237165307246,0.0579597917907475,0.1480426409041128,0.35133101471753
0.8552675288412627,0.3997970954323502,0.695129297436552,0.8470756821717939,0.8773619690631927
0.1361209381258783,0.3083166978610417,0.8944712440827637,0.4032808645415151,0.3530564637952961
0.034851388748983,0.8802096147379594,0.8411696745207448,0.3132145103670508,0.4225828868519101
0.2122319866963121,0.1017366376169999,0.0367903272244413,0.2292154545469734,0.2125333090916946
0.630302717145754,0.5299675459760056,0.5065532293695436,0.4690076552561851,0.5558615759662141
0.9080965670707808,0.7078377084526214,0.3359323662134807,0.5148990258816558,0.7229050719510014
